epoch,lr-Adam,step,train_loss_epoch,val_MAE,val_MAPE,val_RMSE,val_SMAPE,val_loss
,0.001,0,,,,,,
0,,1,,0.0011521561536937952,3.6750545501708984,0.0011522399727255106,1.2951252460479736,0.0009307691943831742
0,,1,0.0027131480164825916,,,,,
,0.001,2,,,,,,
1,,3,,0.00032545652356930077,1.0381150245666504,0.00032748343073762953,0.681572437286377,0.0003346732701174915
1,,3,0.002181882970035076,,,,,
,0.001,4,,,,,,
2,,5,,0.0003486725618131459,1.1121675968170166,0.0003529733221512288,1.869102954864502,0.00032969395397230983
2,,5,0.0017807700205594301,,,,,
