epoch,lr-Adam,step,train_loss_epoch,val_MAE,val_MAPE,val_RMSE,val_SMAPE,val_loss
,0.001,0,,,,,,
0,,1,,0.0006899457075633109,2.200733184814453,0.0006922655156813562,1.9999709129333496,0.0006261200178414583
0,,1,0.00269721494987607,,,,,
,0.001,2,,,,,,
1,,3,,0.0009473446989431977,3.021764039993286,0.0009480029693804681,1.9999788999557495,0.00046179426135495305
1,,3,0.0020800475031137466,,,,,
,0.001,4,,,,,,
2,,5,,0.0011301117483526468,3.604739189147949,0.001130390795879066,1.999982237815857,0.000594779965467751
2,,5,0.0018009352497756481,,,,,
